Processes,TotalTime
1,0.00861097
2,0.00527849
4,0.00316444
6,0.00352796
8,0.00327972
10,0.00335443
12,0.00337283
16,0.00397892
20,0.00359831
